Occupation,BLS Category,Description,Employment,BWC Familiarity of Occupation,MSI Adjacency to Occupation,Form Factor
Agricultural Inspectors,"Farming, Fishing, and Forestry Occupations","Inspect agricultural commodities, processing equipment, and facilities, and fish and logging operations, to ensure compliance with regulations and laws governing health, quality, and safety.",12660,Moderately Aware,Far Adjacency,High Need
Aircraft Cargo Handling Supervisors,Transportation and Material Moving Occupations,"Supervise and coordinate the activities of ground crew in the loading, unloading, securing, and staging of aircraft cargo or baggage. May determine the quantity and orientation of cargo and compute aircraft center of gravity. May accompany aircraft as member of flight crew and monitor and handle cargo in flight, and assist and brief passengers on safety and emergency procedures. Includes loadmasters.",9020,Moderately Aware,Near Adjacency,High Need
"Airline Pilots, Copilots, and Flight Engineers",Transportation and Material Moving Occupations,"Pilot and navigate the flight of fixed-wing aircraft, usually on scheduled air carrier routes, for the transport of passengers and cargo. Requires Federal Air Transport certificate and rating for specific aircraft type used. Includes regional, national, and international airline pilots and flight instructors of airline pilots. Excludes “Electro-Mechanical and Mechatronics Technologists and Technicians” (17-3024).",93670,Newcomers,Mid Adjacency,High Need
"Ambulance Drivers and Attendants, Except Emergency Medical Technicians",Transportation and Material Moving Occupations,"Drive ambulance or assist ambulance driver in transporting sick, injured, or convalescent persons. Assist in lifting patients.",11520,Informed Users,Near Adjacency,Low Need
Amusement and Recreation Attendants,Personal Care and Service Occupations,"Perform a variety of attending duties at amusement or recreation facility. May schedule use of recreation facilities, maintain and provide equipment to participants of sporting events or recreational pursuits, or operate amusement concessions and rides.",361680,Moderately Aware,Mid Adjacency,High Need
Animal Control Workers,Protective Service Occupations,"Handle animals for the purpose of investigations of mistreatment, or control of abandoned, dangerous, or unattended animals.",11600,Moderately Aware,Mid Adjacency,High Need
Bailiffs,Protective Service Occupations,Maintain order in courts of law.,15900,Informed Users,Near Adjacency,Low Need
"Building Cleaning Workers, All Other",Building and Grounds Cleaning and Maintenance Occupations,All building cleaning workers not listed separately.,13740,Newcomers,Far Adjacency,High Need
"Bus Drivers, School",Transportation and Material Moving Occupations,Drive a school bus to transport students. Ensure adherence to safety rules. May assist students in boarding or exiting.,371530,Newcomers,Mid Adjacency,Low Need
"Bus Drivers, Transit and Intercity",Transportation and Material Moving Occupations,"Drive bus or motor coach, including regular route operations, charters, and private carriage. May assist passengers with baggage. May collect fares or tickets.",184990,Moderately Aware,Mid Adjacency,Low Need
"Captains, Mates, and Pilots of Water Vessels",Transportation and Material Moving Occupations,"Command or supervise operations of ships and water vessels, such as tugboats and ferryboats. Required to hold license issued by U.S. Coast Guard. Excludes “Motorboat Operators” (53-5022).",34520,Moderately Aware,Mid Adjacency,Low Need
Cashiers,Sales and Related Occupations,"Receive and disburse money in establishments other than financial institutions. May use electronic scanners, cash registers, or related equipment. May process credit or debit card transactions and validate checks. Excludes “Gambling Change Persons and Booth Cashiers” (41-2012).",3298660,Informed Users,Near Adjacency,Low Need
"Claims Adjusters, Examiners, and Investigators",Business and Financial Operations Occupations,Review settled claims to determine that payments and settlements are made in accordance with company practices and procedures. Confer with legal counsel on claims requiring litigation. May also settle insurance claims. Excludes “Fire Inspectors and Investigators” (33-2021).,293780,Moderately Aware,Far Adjacency,Low Need
Commercial Divers,"Installation, Maintenance, and Repair Occupations","Work below surface of water, using surface-supplied air or scuba equipment to inspect, repair, remove, or install equipment and structures. May use a variety of power and hand tools, such as drills, sledgehammers, torches, and welding equipment. May conduct tests or experiments, rig explosives, or photograph structures or marine life. Excludes “Athletes and Sports Competitors” (27-2021), “Police and Sheriff’s Patrol Officers” (33-3051), and “Fishing and Hunting Workers” (45-3031).",2790,Moderately Aware,Far Adjacency,Moderate Need
Commercial Pilots,Transportation and Material Moving Occupations,"Pilot and navigate the flight of fixed-wing aircraft on nonscheduled air carrier routes, or helicopters. Requires Commercial Pilot certificate. Includes charter pilots with similar certification, and air ambulance and air tour pilots. Excludes regional, national, and international airline pilots. Excludes “Electro-Mechanical and Mechatronics Technologists and Technicians” (17-3024).",52750,Moderately Aware,Mid Adjacency,Low Need
Compliance Officers,Business and Financial Operations Occupations,"Examine, evaluate, and investigate eligibility for or conformity with laws and regulations governing contract compliance of licenses and permits, and perform other compliance and enforcement inspection and analysis activities not classified elsewhere. Excludes “Financial Examiners"" (13-2061), “Tax Examiners and Collectors, and Revenue Agents” (13-2081), “Occupational Health and Safety Specialists” (19-5011), “Occupational Health and Safety Technicians” (19-5012), “Transportation Security Screeners” (33-9093), “Agricultural Inspectors” (45-2011), “Construction and Building Inspectors” (47-4011), and “Transportation Inspectors” (53-6051).",383620,Moderately Aware,Far Adjacency,High Need
Construction and Building Inspectors,Construction and Extraction Occupations,"Inspect structures using engineering skills to determine structural soundness and compliance with specifications, building codes, and other regulations. Inspections may be general in nature or may be limited to a specific area, such as electrical systems or plumbing.",133640,Moderately Aware,Mid Adjacency,High Need
Continuous Mining Machine Operators,Construction and Extraction Occupations,"Operate self-propelled mining machines that rip coal, metal and nonmetal ores, rock, stone, or sand from the mine face and load it onto conveyors, shuttle cars, or trucks in a continuous operation.",15700,Newcomers,Mid Adjacency,High Need
Correctional Officers and Jailers,Protective Service Occupations,"Guard inmates in penal or rehabilitative institutions in accordance with established regulations and procedures. May guard prisoners in transit between jail, courtroom, prison, or other point. Includes deputy sheriffs and police who spend the majority of their time guarding prisoners in correctional institutions.",351420,Active Users,Near Adjacency,Low Need
Counter and Rental Clerks,Sales and Related Occupations,"Receive orders, generally in person, for repairs, rentals, and services. May describe available options, compute cost, and accept payment. Excludes “Fast Food and Counter Workers” (35-3023), “Hotel, Motel, and Resort Desk Clerks” (43-4081), “Order Clerks” (43-4151), and “Reservation and Transportation Ticket Agents and Travel Clerks” (43-4181).",390300,Moderately Aware,Mid Adjacency,Low Need
Couriers and Messengers,Office and Administrative Support Occupations,"Pick up and deliver messages, documents, packages, and other items between offices or departments within an establishment or directly to other business concerns, traveling by foot, bicycle, motorcycle, automobile, or public conveyance. Excludes “Light Truck Drivers” (53-3033).",72010,Newcomers,Far Adjacency,Low Need
Crane and Tower Operators,Transportation and Material Moving Occupations,"Operate mechanical boom and cable or tower and cable equipment to lift and move materials, machines, or products in many directions.",42260,Newcomers,Far Adjacency,Low Need
Crossing Guards and Flaggers,Protective Service Occupations,"Guide or control vehicular or pedestrian traffic at such places as streets, schools, railroad crossings, or construction sites.",90780,Active Users,Near Adjacency,Moderate Need
"Derrick Operators, Oil and Gas",Construction and Extraction Occupations,Rig derrick equipment and operate pumps to circulate mud or fluid through drill hole.,11510,Newcomers,Mid Adjacency,High Need
Detectives and Criminal Investigators,Protective Service Occupations,"Conduct investigations related to suspected violations of federal, state, or local laws to prevent or solve crimes. Excludes “Private Detectives and Investigators” (33-9021).",106730,Active Users,Core Market,Moderate Need
Dredge Operators,Transportation and Material Moving Occupations,"Operate dredge to remove sand, gravel, or other materials in order to excavate and maintain navigable channels in waterways.",940,Newcomers,Mid Adjacency,Low Need
Driver/Sales Workers,Transportation and Material Moving Occupations,"Drive truck or other vehicle over established routes or within an established territory and sell or deliver goods, such as food products, including restaurant take-out items, or pick up or deliver items such as commercial laundry. May also take orders, collect payment, or stock merchandise at point of delivery. Excludes “Coin, Vending, and Amusement Machine Servicers and Repairers” (49-9091) and “Light Truck Drivers” (53-3033).",463120,Newcomers,Far Adjacency,Low Need
Electro-Mechanical and Mechatronics Technologists and Technicians,Architecture and Engineering Occupations,"Operate, test, maintain, or adjust unmanned, automated, servomechanical, or electromechanical equipment. May operate unmanned submarines, aircraft, or other equipment to observe or record visual information at sites such as oil rigs, crop fields, buildings, or for similar infrastructure, deep ocean exploration, or hazardous waste removal. May assist engineers in testing and designing robotics equipment.",15360,Newcomers,Mid Adjacency,Moderate Need
Elevator and Escalator Installers and Repairers,Construction and Extraction Occupations,"Assemble, install, repair, or maintain electric or hydraulic freight or passenger elevators, escalators, or dumbwaiters.",23990,Newcomers,Far Adjacency,High Need
Emergency Medical Technicians,Healthcare Practitioners and Technical Occupations,"Assess injuries and illnesses and administer basic emergency medical care. May transport injured or sick persons to medical facilities. Excludes “Paramedics” (29-2043), “Firefighters” (33-2011), and “Ambulance Drivers and Attendants, Except Emergency Medical Technicians” (53-3011).",167040,Moderately Aware,Near Adjacency,High Need
Emergency Medicine Physicians,Healthcare Practitioners and Technical Occupations,"Make immediate medical decisions and act to prevent death or further disability. Provide immediate recognition, evaluation, care, stabilization, and disposition of patients. May direct emergency medical staff in an emergency department.",35100,Moderately Aware,Mid Adjacency,High Need
"Environmental Science and Protection Technicians, Including Health","Life, Physical, and Social Science Occupations","Perform laboratory and field tests to monitor the environment and investigate sources of pollution, including those that affect health, under the direction of an environmental scientist, engineer, or other specialist. May collect samples of gases, soil, water, and other materials for testing.",32390,Newcomers,Mid Adjacency,High Need
"Excavating and Loading Machine and Dragline Operators, Surface Mining",Construction and Extraction Occupations,"Operate or tend machinery at surface mining site, equipped with scoops, shovels, or buckets to excavate and load loose materials.",32630,Newcomers,Mid Adjacency,High Need
"Explosives Workers, Ordnance Handling Experts, and Blasters",Construction and Extraction Occupations,"Place and detonate explosives to demolish structures or to loosen, remove, or displace earth, rock, or other materials. May perform specialized handling, storage, and accounting procedures.",4610,Moderately Aware,Mid Adjacency,High Need
"Farmers, Ranchers, and Other Agricultural Managers",Management Occupations,"Plan, direct, or coordinate the management or operation of farms, ranches, greenhouses, aquacultural operations, nurseries, timber tracts, or other agricultural establishments. May hire, train, and supervise farm workers or contract for services to carry out the day-to-day activities of the managed operation. May engage in or supervise planting, cultivating, harvesting, and financial and marketing activities. Excludes “First-Line Supervisors of Farming, Fishing, and Forestry Workers” (45-1011).",6150,Newcomers,Far Adjacency,Low Need
Fire Inspectors and Investigators,Protective Service Occupations,"Inspect buildings to detect fire hazards and enforce local ordinances and state laws, or investigate and gather facts to determine cause of fires and explosions.",14200,Informed Users,Near Adjacency,Moderate Need
Firefighters,Protective Service Occupations,"Control and extinguish fires or respond to emergency situations where life, property, or the environment is at risk. Duties may include fire prevention, emergency medical service, hazardous material response, search and rescue, and disaster assistance.",315460,Informed Users,Near Adjacency,Moderate Need
First-Line Supervisors of Construction Trades and Extraction Workers,Construction and Extraction Occupations,Directly supervise and coordinate activities of construction or extraction workers.,777420,Moderately Aware,Mid Adjacency,High Need
First-Line Supervisors of Correctional Officers,Protective Service Occupations,Directly supervise and coordinate activities of correctional officers and jailers.,52280,Active Users,Core Market,Moderate Need
"First-Line Supervisors of Entertainment and Recreation Workers, Except Gambling Services",Personal Care and Service Occupations,Directly supervise and coordinate activities of entertainment and recreation related workers.,88140,Moderately Aware,Near Adjacency,Moderate Need
"First-Line Supervisors of Farming, Fishing, and Forestry Workers","Farming, Fishing, and Forestry Occupations","Directly supervise and coordinate the activities of agricultural, forestry, aquacultural, and related workers. Excludes “First-Line Supervisors of Landscaping, Lawn Service, and Groundskeeping Workers” (37-1012).",27150,Newcomers,Far Adjacency,Low Need
First-Line Supervisors of Firefighting and Prevention Workers,Protective Service Occupations,Directly supervise and coordinate activities of workers engaged in firefighting and fire prevention and control.,84120,Informed Users,Near Adjacency,High Need
First-Line Supervisors of Food Preparation and Serving Workers,Food Preparation and Serving Related Occupations,Directly supervise and coordinate activities of workers engaged in preparing and serving food.,1176540,Newcomers,Far Adjacency,High Need
First-Line Supervisors of Gambling Services Workers,Personal Care and Service Occupations,"Directly supervise and coordinate activities of workers in assigned gambling areas. May circulate among tables, observe operations, and ensure that stations and games are covered for each shift. May verify and pay off jackpots. May reset slot machines after payoffs and make repairs or adjustments to slot machines or recommend removal of slot machines for repair. May plan and organize activities and services for guests in hotels/casinos.",25100,Moderately Aware,Near Adjacency,Moderate Need
First-Line Supervisors of Housekeeping and Janitorial Workers,Building and Grounds Cleaning and Maintenance Occupations,"Directly supervise and coordinate work activities of cleaning personnel in hotels, hospitals, offices, and other establishments.",171120,Newcomers,Far Adjacency,Low Need
"First-Line Supervisors of Mechanics, Installers, and Repairers","Installation, Maintenance, and Repair Occupations","Directly supervise and coordinate the activities of mechanics, installers, and repairers. May also advise customers on recommended services. Excludes team or work leaders.",589880,Newcomers,Mid Adjacency,High Need
First-Line Supervisors of Non-Retail Sales Workers,Sales and Related Occupations,"Directly supervise and coordinate activities of sales workers other than retail sales workers. May perform duties such as budgeting, accounting, and personnel work, in addition to supervisory duties.",227150,Informed Users,Mid Adjacency,Low Need
First-Line Supervisors of Police and Detectives,Protective Service Occupations,Directly supervise and coordinate activities of members of police force.,138140,Active Users,Core Market,Moderate Need
First-Line Supervisors of Production and Operating Workers,Production Occupations,"Directly supervise and coordinate the activities of production and operating workers, such as inspectors, precision workers, machine setters and operators, assemblers, fabricators, and plant and system operators. Excludes team or work leaders.",671160,Moderately Aware,Mid Adjacency,Low Need
"First-Line Supervisors of Protective Service Workers, All Other",Protective Service Occupations,All protective service supervisors not listed separately above.,19620,Active Users,Near Adjacency,Moderate Need
First-Line Supervisors of Retail Sales Workers,Sales and Related Occupations,"Directly supervise and coordinate activities of retail sales workers in an establishment or department. Duties may include management functions, such as purchasing, budgeting, accounting, and personnel work, in addition to supervisory duties.",1087890,Informed Users,Near Adjacency,Moderate Need
First-Line Supervisors of Security Workers,Protective Service Occupations,Directly supervise and coordinate activities of security workers and security guards.,64900,Active Users,Near Adjacency,Moderate Need
"First-Line Supervisors of Transportation and Material Moving Workers, Except Aircraft Cargo Handling Supervisors",Transportation and Material Moving Occupations,"This occupation includes the 2018 SOC occupations 53-1042 First-Line Supervisors of Helpers, Laborers, and Material Movers, Hand; 53-1043 First-Line Supervisors of Material-Moving Machine and Vehicle Operators; 53-1044 First-Line Supervisors of Passenger Attendants; and 53-1049 First-Line Supervisors of Transportation Workers, All Other.",594330,Moderately Aware,Mid Adjacency,High Need
Fish and Game Wardens,Protective Service Occupations,Patrol assigned area to prevent fish and game law violations. Investigate reports of damage to crops or property by wildlife. Compile biological data.,6290,Informed Users,Near Adjacency,Low Need
Flight Attendants,Transportation and Material Moving Occupations,"Monitor safety of the aircraft cabin. Provide services to airline passengers, explain safety information, serve food and beverages, and respond to emergency incidents.",126020,Moderately Aware,Mid Adjacency,Low Need
Forensic Science Technicians,"Life, Physical, and Social Science Occupations","Collect, identify, classify, and analyze physical evidence related to criminal investigations. Perform tests on weapons or substances, such as fiber, hair, and tissue to determine significance to investigation. May testify as expert witnesses on evidence or crime laboratory techniques. May serve as specialists in area of expertise, such as ballistics, fingerprinting, handwriting, or biochemistry.",17520,Newcomers,Mid Adjacency,High Need
Forest and Conservation Technicians,"Life, Physical, and Social Science Occupations","Provide technical assistance regarding the conservation of soil, water, forests, or related natural resources. May compile data pertaining to size, content, condition, and other characteristics of forest tracts under the direction of foresters, or train and lead forest workers in forest propagation and fire prevention and suppression. May assist conservation scientists in managing, improving, and protecting rangelands and wildlife habitats. Excludes “Conservation Scientists” (19-1031) and “Foresters” (19-1032).",28740,Newcomers,Mid Adjacency,Moderate Need
Forest and Conservation Workers,"Farming, Fishing, and Forestry Occupations","Under supervision, perform manual labor necessary to develop, maintain, or protect areas such as forests, forested areas, woodlands, wetlands, and rangelands through such activities as raising and transporting seedlings; combating insects, pests, and diseases harmful to plant life; and building structures to control water, erosion, and leaching of soil. Includes forester aides, seedling pullers, tree planters, and gatherers of nontimber forestry products such as pine straw.",5750,Newcomers,Far Adjacency,High Need
Forest Fire Inspectors and Prevention Specialists,Protective Service Occupations,"Enforce fire regulations, inspect forest for fire hazards, and recommend forest fire prevention or control measures. May report forest fires and weather conditions.",2270,Moderately Aware,Mid Adjacency,Moderate Need
Gambling Change Persons and Booth Cashiers,Sales and Related Occupations,"Exchange coins, tokens, and chips for patrons’ money. May issue payoffs and obtain customer’s signature on receipt. May operate a booth in the slot machine area and furnish change persons with money bank at the start of the shift, or count and audit money in drawers. Excludes “Cashiers” (41-2011).",20560,Moderately Aware,Mid Adjacency,Low Need
Gambling Surveillance Officers and Gambling Investigators,Protective Service Occupations,"Observe gambling operation for irregular activities such as cheating or theft by either employees or patrons. Investigate potential threats to gambling assets such as money, chips, and gambling equipment. Act as oversight and security agent for management and customers.",10660,Informed Users,Near Adjacency,Moderate Need
Gas Plant Operators,Production Occupations,Distribute or process gas for utility companies and others by controlling compressors to maintain specified pressures on main pipelines.,15930,Newcomers,Mid Adjacency,Low Need
Hazardous Materials Removal Workers,Construction and Extraction Occupations,"Identify, remove, pack, transport, or dispose of hazardous materials, including asbestos, lead-based paint, waste oil, fuel, transmission fluid, radioactive materials, or contaminated soil. Specialized training and certification in hazardous materials handling or a confined entry permit are generally required. May operate earth-moving equipment or trucks.",49960,Moderately Aware,Mid Adjacency,High Need
"Health and Safety Engineers, Except Mining Safety Engineers and Inspectors",Architecture and Engineering Occupations,"Promote worksite or product safety by applying knowledge of industrial processes, mechanics, chemistry, psychology, and industrial health and safety laws. Includes industrial product safety engineers.",22510,Newcomers,Mid Adjacency,Low Need
Heavy and Tractor-Trailer Truck Drivers,Transportation and Material Moving Occupations,"Drive a tractor-trailer combination or a truck with a capacity of at least 26,001 pounds Gross Vehicle Weight (GVW). May be required to unload truck. Requires commercial drivers’ license. Includes tow truck drivers. Excludes “Refuse and Recyclable Material Collectors” (53-7081).",2044400,Informed Users,Far Adjacency,Low Need
Highway Maintenance Workers,Construction and Extraction Occupations,"Maintain highways, municipal and rural roads, airport runways, and rights-of-way. Duties include patching broken or eroded pavement and repairing guard rails, highway markers, and snow fences. May also mow or clear brush from along road, or plow snow from roadway. Excludes “Tree Trimmers and Pruners” (37-3013).",150860,Moderately Aware,Mid Adjacency,High Need
Hoist and Winch Operators,Transportation and Material Moving Occupations,Operate or tend hoists or winches to lift and pull loads using power-operated cable equipment. Excludes “Crane and Tower Operators” (53-7021).,2230,Newcomers,Mid Adjacency,Low Need
"Hotel, Motel, and Resort Desk Clerks",Office and Administrative Support Occupations,"Accommodate hotel, motel, and resort patrons by registering and assigning rooms to guests, issuing room keys or cards, transmitting and receiving messages, keeping records of occupied rooms and guests’ accounts, making and confirming reservations, and presenting statements to and collecting payments from departing guests.",263800,Moderately Aware,Mid Adjacency,Moderate Need
Industrial Machinery Mechanics,"Installation, Maintenance, and Repair Occupations","Repair, install, adjust, or maintain industrial production and processing machinery or refinery and pipeline distribution systems. May also install, dismantle, or move machinery and heavy equipment according to plans. Excludes “Mobile Heavy Equipment Mechanics, Except Engines” (49-3042), and “Maintenance Workers, Machinery” (49-9043).",412650,Newcomers,Far Adjacency,Low Need
Industrial Truck and Tractor Operators,Transportation and Material Moving Occupations,"Operate industrial trucks or tractors equipped to move materials around a warehouse, storage yard, factory, construction site, or similar location. Excludes “Logging Equipment Operators” (45-4022).",778920,Newcomers,Far Adjacency,High Need
"Inspectors, Testers, Sorters, Samplers, and Weighers",Production Occupations,"Inspect, test, sort, sample, or weigh nonagricultural raw materials or processed, machined, fabricated, or assembled parts or products for defects, wear, and deviations from specifications. May use precision measuring instruments and complex test equipment.",584630,Moderately Aware,Far Adjacency,Low Need
"Insurance Appraisers, Auto Damage",Business and Financial Operations Occupations,Appraise automobile or other vehicle damage to determine repair costs for insurance claim settlement. Prepare insurance forms to indicate repair cost or cost estimates and recommendations. May seek agreement with automotive repair shop on repair costs.,8670,Moderately Aware,Far Adjacency,High Need
"Janitors and Cleaners, Except Maids and Housekeeping Cleaners",Building and Grounds Cleaning and Maintenance Occupations,"Keep buildings in clean and orderly condition. Perform heavy cleaning duties, such as cleaning floors, shampooing rugs, washing walls and glass, and removing rubbish. Duties may include tending furnace and boiler, performing routine maintenance activities, notifying management of need for repairs, and cleaning snow or debris from sidewalk.",2172500,Newcomers,Far Adjacency,High Need
"Lifeguards, Ski Patrol, and Other Recreational Protective Service Workers",Protective Service Occupations,"Monitor recreational areas, such as pools, beaches, or ski slopes, to provide assistance and protection to participants.",123560,Moderately Aware,Near Adjacency,High Need
Light Truck Drivers,Transportation and Material Moving Occupations,"Drive a light vehicle, such as a truck or van, with a capacity of less than 26,001 pounds Gross Vehicle Weight (GVW), primarily to pick up merchandise or packages from a distribution center and deliver. May load and unload vehicle. Excludes “Couriers and Messengers” (43-5021) and “Driver/Sales Workers” (53-3031).",1003960,Informed Users,Mid Adjacency,Moderate Need
"Loading and Moving Machine Operators, Underground Mining",Construction and Extraction Occupations,"Operate underground loading or moving machine to load or move coal, ore, or rock using shuttle or mine car or conveyors. Equipment may include power shovels, hoisting engines equipped with cable-drawn scraper or scoop, or machines equipped with gathering arms and conveyor.",5160,Newcomers,Mid Adjacency,High Need
Locomotive Engineers,Transportation and Material Moving Occupations,"Drive electric, diesel-electric, steam, or gas-turbine-electric locomotives to transport passengers or freight. Interpret train orders, electronic or manual signals, and railroad rules and regulations. Excludes “Engineers” (17-2011 through 17-2199).",32390,Newcomers,Far Adjacency,High Need
"Maintenance and Repair Workers, General","Installation, Maintenance, and Repair Occupations","Perform work involving the skills of two or more maintenance or craft occupations to keep machines, mechanical equipment, or the structure of a building in repair. Duties may involve pipe fitting; HVAC maintenance; insulating; welding; machining; carpentry; repairing electrical or mechanical equipment; installing, aligning, and balancing new equipment; and repairing buildings, floors, or stairs. Excludes “Facilities Managers” (11-3013) and “Maintenance Workers, Machinery” (49-9043).",1503150,Newcomers,Mid Adjacency,High Need
"Meter Readers, Utilities",Office and Administrative Support Occupations,"Read meter and record consumption of electricity, gas, water, or steam.",19900,Newcomers,Far Adjacency,Moderate Need
"Mining and Geological Engineers, Including Mining Safety Engineers",Architecture and Engineering Occupations,"Conduct subsurface surveys to identify the characteristics of potential land or mining development sites. May specify the ground support systems, processes, and equipment for safe, economical, and environmentally sound extraction or underground construction activities. May inspect areas for unsafe geological conditions, equipment, and working conditions. May design, implement, and coordinate mine safety programs. Excludes “Petroleum Engineers” (17-2171).",7040,Newcomers,Mid Adjacency,Moderate Need
Motorboat Operators,Transportation and Material Moving Occupations,Operate small motor-driven boats. May assist in navigational activities.,2710,Newcomers,Mid Adjacency,Moderate Need
Nuclear Power Reactor Operators,Production Occupations,"Operate or control nuclear reactors. Move control rods, start and stop equipment, monitor and adjust controls, and record data in logs. Implement emergency procedures when needed. May respond to abnormalities, determine cause, and recommend corrective action.",5760,Moderately Aware,Near Adjacency,High Need
Nuclear Technicians,"Life, Physical, and Social Science Occupations","Assist nuclear physicists, nuclear engineers, or other scientists in laboratory, power generation, or electricity production activities. May operate, maintain, or provide quality control for nuclear testing and research equipment. May monitor radiation.",5400,Moderately Aware,Mid Adjacency,Low Need
Nurse Anesthetists,Healthcare Practitioners and Technical Occupations,"Administer anesthesia, monitor patient’s vital signs, and oversee patient recovery from anesthesia. May assist anesthesiologists, surgeons, other physicians, or dentists. Must be registered nurses who have specialized graduate education.",47810,Moderately Aware,Far Adjacency,High Need
Nurse Midwives,Healthcare Practitioners and Technical Occupations,"Diagnose and coordinate all aspects of the birthing process, either independently or as part of a healthcare team. May provide well-woman gynecological care. Must have specialized, graduate nursing education.",6960,Moderately Aware,Far Adjacency,High Need
Nurse Practitioners,Healthcare Practitioners and Technical Occupations,"Diagnose and treat acute, episodic, or chronic illness, independently or as part of a healthcare team. May focus on health promotion and disease prevention. May order, perform, or interpret diagnostic tests such as lab work and x rays. May prescribe medication. Must be registered nurses who have specialized graduate education.",280140,Moderately Aware,Far Adjacency,Low Need
Occupational Health and Safety Specialists,"Life, Physical, and Social Science Occupations","Review, evaluate, and analyze work environments and design programs and procedures to control, eliminate, and prevent disease or injury caused by chemical, physical, and biological agents or ergonomic factors. May conduct inspections and enforce adherence to laws and regulations governing the health and safety of individuals. May be employed in the public or private sector.",122300,Moderately Aware,Mid Adjacency,Low Need
Occupational Health and Safety Technicians,"Life, Physical, and Social Science Occupations","Collect data on work environments for analysis by occupational health and safety specialists. Implement and conduct evaluation of programs designed to limit chemical, physical, biological, and ergonomic risks to workers.",27270,Moderately Aware,Mid Adjacency,Low Need
Operating Engineers and Other Construction Equipment Operators,Construction and Extraction Occupations,"Operate one or several types of power construction equipment, such as motor graders, bulldozers, scrapers, compressors, pumps, derricks, shovels, tractors, or front-end loaders to excavate, move, and grade earth, erect structures, or pour concrete or other hard surface pavement. May repair and maintain equipment in addition to other duties. Excludes “Extraction Workers” (47-5000) and “Crane and Tower Operators” (53-7021).",450370,Newcomers,Mid Adjacency,High Need
Paramedics,Healthcare Practitioners and Technical Occupations,"Administer basic or advanced emergency medical care and assess injuries and illnesses. May administer medication intravenously, use equipment such as EKGs, or administer advanced life support to sick or injured individuals. Excludes “Emergency Medical Technicians” (29-2042) and “Ambulance Drivers and Attendants, Except Emergency Medical Technicians” (53-3011).",98770,Informed Users,Near Adjacency,High Need
Parking Attendants,Transportation and Material Moving Occupations,Park vehicles or issue tickets for customers in a parking lot or garage. May park or tend vehicles in environments such as a car dealership or rental car facility. May collect fee.,118130,Newcomers,Far Adjacency,Low Need
Parking Enforcement Workers,Protective Service Occupations,"Patrol assigned area, such as public parking lot or city streets to issue tickets to overtime parking violators and illegally parked vehicles.",7420,Moderately Aware,Near Adjacency,Low Need
Passenger Attendants,Transportation and Material Moving Occupations,"Provide services to ensure the safety of passengers aboard ships, buses, trains, or within the station or terminal. Perform duties such as explaining the use of safety equipment, serving meals or beverages, or answering questions related to travel. Excludes “Baggage Porters and Bellhops” (39-6011) and “Flight Attendants” (53-2031).",20190,Moderately Aware,Mid Adjacency,Low Need
Pest Control Workers,Building and Grounds Cleaning and Maintenance Occupations,Apply or release chemical solutions or toxic gases and set traps to kill or remove pests and vermin that infest buildings and surrounding areas.,93760,Newcomers,Far Adjacency,High Need
"Pesticide Handlers, Sprayers, and Applicators, Vegetation",Building and Grounds Cleaning and Maintenance Occupations,"Mix or apply pesticides, herbicides, fungicides, or insecticides through sprays, dusts, vapors, soil incorporation, or chemical application on trees, shrubs, lawns, or crops. Usually requires specific training and state or federal certification. Crop dusters are included in “Commercial Pilots” (53-2012).",23520,Newcomers,Far Adjacency,High Need
Police and Sheriff's Patrol Officers,Protective Service Occupations,"Maintain order and protect life and property by enforcing local, tribal, state, or federal laws and ordinances. Perform a combination of the following duties: patrol a specific area; direct traffic; issue traffic summonses; investigate accidents; apprehend and arrest suspects, or serve legal processes of courts. Includes police officers working at educational institutions.",646310,Active Users,Core Market,Moderate Need
Private Detectives and Investigators,Protective Service Occupations,"Gather, analyze, compile, and report information regarding individuals or organizations to clients, or detect occurrences of unlawful acts or infractions of rules in private establishment.",34600,Informed Users,Near Adjacency,High Need
Probation Officers and Correctional Treatment Specialists,Community and Social Service Occupations,"Provide social services to assist in rehabilitation of law offenders in custody or on probation or parole. Make recommendations for actions involving formulation of rehabilitation plan and treatment of offender, including conditional release and education and employment stipulations.",85870,Informed Users,Near Adjacency,High Need
Psychiatric Aides,Healthcare Support Occupations,"Assist mentally impaired or emotionally disturbed patients, working under direction of nursing and medical staff. May assist with daily living activities, lead patients in educational and recreational activities, or accompany patients to and from examinations and treatments. May restrain violent patients. Includes psychiatric orderlies.",32310,Newcomers,Mid Adjacency,Low Need
"Rail Yard Engineers, Dinkey Operators, and Hostlers",Transportation and Material Moving Occupations,"Drive switching or other locomotive or dinkey engines within railroad yard, industrial plant, quarry, construction project, or similar location.",2430,Newcomers,Far Adjacency,High Need
Rail-Track Laying and Maintenance Equipment Operators,Construction and Extraction Occupations,"Lay, repair, and maintain track for standard or narrow-gauge railroad equipment used in regular railroad service or in plant yards, quarries, sand and gravel pits, and mines. Includes ballast cleaning machine operators and railroad bed tamping machine operators.",18770,Newcomers,Mid Adjacency,High Need
Receptionists and Information Clerks,Office and Administrative Support Occupations,"Answer inquiries and provide information to the general public, customers, visitors, and other interested parties regarding activities conducted at establishment and location of departments, offices, and employees within the organization. Excludes “Switchboard Operators, Including Answering Service” (43-2011).",1003820,Moderately Aware,Mid Adjacency,Moderate Need
Refuse and Recyclable Material Collectors,Transportation and Material Moving Occupations,Collect and dump refuse or recyclable materials from containers into truck. May drive truck.,135430,Newcomers,Far Adjacency,Low Need
Registered Nurses,Healthcare Practitioners and Technical Occupations,"Assess patient health problems and needs, develop and implement nursing care plans, and maintain medical records. Administer nursing care to ill, injured, convalescent, or disabled patients. May advise patients on health maintenance and disease prevention or provide case management. Licensing or registration required. Includes Clinical Nurse Specialists. Excludes “Nurse Anesthetists” (29-1151), “Nurse Midwives” (29-1161), and “Nurse Practitioners” (29-1171).",3175390,Moderately Aware,Mid Adjacency,High Need
Riggers,"Installation, Maintenance, and Repair Occupations","Set up or repair rigging for construction projects, manufacturing plants, logging yards, ships and shipyards, or for the entertainment industry.",23870,Newcomers,Mid Adjacency,Moderate Need
"Roof Bolters, Mining",Construction and Extraction Occupations,Operate machinery to install roof support bolts in underground mine.,1960,Newcomers,Mid Adjacency,High Need
"Rotary Drill Operators, Oil and Gas",Construction and Extraction Occupations,"Set up or operate a variety of drills to remove underground oil and gas, or remove core samples for testing during oil and gas exploration. Excludes “Earth Drillers, Except Oil and Gas” (47-5023).",12180,Newcomers,Mid Adjacency,High Need
Sailors and Marine Oilers,Transportation and Material Moving Occupations,"Stand watch to look for obstructions in path of vessel, measure water depth, turn wheel on bridge, or use emergency equipment as directed by captain, mate, or pilot. Break out, rig, overhaul, and store cargo-handling gear, stationary rigging, and running gear. Perform a variety of maintenance tasks to preserve the painted surface of the ship and to maintain line and ship equipment. Must hold government-issued certification and tankerman certification when working aboard liquid-carrying vessels. Includes able seamen and ordinary seamen.",29960,Newcomers,Far Adjacency,Low Need
School Bus Monitors,Protective Service Occupations,Maintain order among students on a school bus. Duties include helping students safely board and exit and communicating behavioral problems. May perform pretrip and posttrip inspections and prepare for and assist in emergency evacuations.,72320,Moderately Aware,Near Adjacency,Low Need
Security Guards,Protective Service Occupations,"Guard, patrol, or monitor premises to prevent theft, violence, or infractions of rules. May operate x-ray and metal detector equipment. Excludes “Police Officers” (33-3050) and “Transportation Security Screeners” (33-9093).",1202940,Active Users,Core Market,Moderate Need
"Service Unit Operators, Oil and Gas",Construction and Extraction Occupations,"Operate equipment to increase oil flow from producing wells or to remove stuck pipe, casing, tools, or other obstructions from drilling wells. Includes fishing-tool technicians.",46150,Newcomers,Mid Adjacency,High Need
Shuttle Drivers and Chauffeurs,Transportation and Material Moving Occupations,"Drive a motor vehicle to transport passengers on a planned or scheduled basis. May collect a fare. Includes nonemergency medical transporters and hearse drivers. Excludes “Ambulance Drivers and Attendants, Except Emergency Medical Technicians” (53-3011) and “Taxi Drivers” (53-3054).",204930,Newcomers,Mid Adjacency,Low Need
Signal and Track Switch Repairers,"Installation, Maintenance, and Repair Occupations","Install, inspect, test, maintain, or repair electric gate crossings, signals, signal equipment, track switches, section lines, or intercommunications systems within a railroad system.",9200,Newcomers,Far Adjacency,Moderate Need
Structural Iron and Steel Workers,Construction and Extraction Occupations,"Raise, place, and unite iron or steel girders, columns, and other structural members to form completed structures or structural frameworks. May erect metal storage tanks and assemble prefabricated metal buildings. Excludes “Reinforcing Iron and Rebar Workers” (47-2171).",63780,Newcomers,Mid Adjacency,Low Need
Taxi Drivers,Transportation and Material Moving Occupations,"Drive a motor vehicle to transport passengers on an unplanned basis and charge a fare, usually based on a meter. Excludes “Shuttle Drivers and Chauffeurs” (53-3053).",17770,Moderately Aware,Far Adjacency,High Need
Tour and Travel Guides,Personal Care and Service Occupations,This occupation includes the 2018 SOC occupations 39-7011 Tour Guides and Escorts and 39-7012 Travel Guides.,46760,Newcomers,Far Adjacency,Moderate Need
Transit and Railroad Police,Protective Service Occupations,"Protect and police railroad and transit property, employees, or passengers.",2360,Active Users,Core Market,Moderate Need
Transportation Inspectors,Transportation and Material Moving Occupations,"Inspect equipment or goods in connection with the safe transport of cargo or people. Includes rail transportation inspectors, such as freight inspectors, rail inspectors, and other inspectors of transportation vehicles not elsewhere classified. Excludes “Transportation Security Screeners” (33-9093).",27670,Moderately Aware,Mid Adjacency,Moderate Need
Transportation Security Screeners,Protective Service Occupations,"Conduct screening of passengers, baggage, or cargo to ensure compliance with Transportation Security Administration (TSA) regulations. May operate basic security equipment such as x-ray machines and hand wands at screening checkpoints.",47950,Informed Users,Near Adjacency,Moderate Need
Tree Trimmers and Pruners,Building and Grounds Cleaning and Maintenance Occupations,"Using sophisticated climbing and rigging techniques, cut away dead or excess branches from trees or shrubs to maintain right-of-way for roads, sidewalks, or utilities, or to improve appearance, health, and value of tree. Prune or treat trees or shrubs using handsaws, hand pruners, clippers, and power pruners. Works off the ground in the tree canopy and may use truck-mounted lifts. Excludes workers who primarily perform duties of “Landscaping and Groundskeeping Workers” (37-3011) and “Pesticide Handlers, Sprayers, and Applicators, Vegetation” (37-3012).",50270,Newcomers,Far Adjacency,High Need
"Umpires, Referees, and Other Sports Officials","Arts, Design, Entertainment, Sports, and Media Occupations","Officiate at competitive athletic or sporting events. Detect infractions of rules and decide penalties according to established regulations. Includes all sporting officials, referees, and competition judges.",14840,Moderately Aware,Far Adjacency,High Need
"Underground Mining Machine Operators, All Other",Construction and Extraction Occupations,All underground mining machine operators not listed separately.,2560,Newcomers,Mid Adjacency,High Need
Wellhead Pumpers,Transportation and Material Moving Occupations,Operate power pumps and auxiliary equipment to produce flow of oil or gas from wells in oil field.,18230,Newcomers,Far Adjacency,Moderate Need
Wind Turbine Service Technicians,"Installation, Maintenance, and Repair Occupations","Inspect, diagnose, adjust, or repair wind turbines. Perform maintenance on wind turbine equipment including resolving electrical, mechanical, and hydraulic malfunctions.",9800,Newcomers,Mid Adjacency,Low Need